OnePlus Nord CE 5G,7.990.000,https://cdn.cellphones.com.vn/media/catalog/product/cache/7/small_image/9df78eab33525d08d6e5fb8d27136e95/o/n/one_plus-1_2.jpg,./img/OnePlus_Nord_CE_5G.png
Oneplus Nord N10 5G,5.840.000,https://cdn.cellphones.com.vn/media/catalog/product/cache/7/small_image/9df78eab33525d08d6e5fb8d27136e95/o/n/one_plus.png,./img/Oneplus_Nord_N10_5G.png
OnePlus 8T 5G,15.990.000,https://cdn.cellphones.com.vn/media/catalog/product/cache/7/small_image/9df78eab33525d08d6e5fb8d27136e95/o/n/oneplus-8t-600x600-1-200x200.jpg,./img/OnePlus_8T_5G.png
Samsung Galaxy A52,8.100.000,https://cdn.cellphones.com.vn/media/catalog/product/cache/7/small_image/220x175/9df78eab33525d08d6e5fb8d27136e95/s/a/samsung-galaxy-a52-26.jpg,./img/Samsung_Galaxy_A52.png
Samsung Galaxy A72,10.300.000,https://cdn.cellphones.com.vn/media/catalog/product/cache/7/small_image/220x175/9df78eab33525d08d6e5fb8d27136e95/s/a/samsung-galaxy-a72-30.jpg,./img/Samsung_Galaxy_A72.png
Samsung Galaxy A32,6.150.000,https://cdn.cellphones.com.vn/media/catalog/product/cache/7/small_image/220x175/9df78eab33525d08d6e5fb8d27136e95/s/a/samsung-galaxy-a32-20.jpg,./img/Samsung_Galaxy_A32.png
Samsung Galaxy A12,3.750.000,https://cdn.cellphones.com.vn/media/catalog/product/cache/7/small_image/220x175/9df78eab33525d08d6e5fb8d27136e95/s/a/samsung-galaxy-a12_2_.jpg,./img/Samsung_Galaxy_A12.png
Samsung Galaxy Note 20 Ultra 5G,19.990.000,https://cdn.cellphones.com.vn/media/catalog/product/cache/7/small_image/9df78eab33525d08d6e5fb8d27136e95/y/e/yellow_final_2.jpg,./img/Samsung_Galaxy_Note_20_Ultra_5G.png
Samsung Galaxy S20 FE 256GB (Fan Edition),13.150.000,https://cdn.cellphones.com.vn/media/catalog/product/cache/7/small_image/9df78eab33525d08d6e5fb8d27136e95/s/a/samsung-galaxy-20-fe_4_.jpg,./img/Samsung_Galaxy_S20_FE_256GB_(Fan_Edition).png
Samsung Galaxy S21 Ultra 5G,25.100.000,https://cdn.cellphones.com.vn/media/catalog/product/cache/7/small_image/9df78eab33525d08d6e5fb8d27136e95/s/a/samsung-galaxy-s21-ultra-1_1.jpg,./img/Samsung_Galaxy_S21_Ultra_5G.png
Samsung Galaxy S21 Plus 5G,20.400.000,https://cdn.cellphones.com.vn/media/catalog/product/cache/7/small_image/9df78eab33525d08d6e5fb8d27136e95/s/a/samsung-galaxy-s21-plus-3.jpg,./img/Samsung_Galaxy_S21_Plus_5G.png
Samsung Galaxy Note 20 Ultra,18.990.000,https://cdn.cellphones.com.vn/media/catalog/product/cache/7/small_image/9df78eab33525d08d6e5fb8d27136e95/b/l/black_final.jpg,./img/Samsung_Galaxy_Note_20_Ultra.png
Samsung Galaxy A22,5.200.000,https://cdn.cellphones.com.vn/media/catalog/product/cache/7/small_image/9df78eab33525d08d6e5fb8d27136e95/a/2/a22-2.jpg,./img/Samsung_Galaxy_A22.png
Samsung Galaxy Note 20,15.000.000,https://cdn.cellphones.com.vn/media/catalog/product/cache/7/small_image/9df78eab33525d08d6e5fb8d27136e95/m/i/mint_final.jpg,./img/Samsung_Galaxy_Note_20.png
Samsung Galaxy Z Fold2 5G,46.500.000,https://cdn.cellphones.com.vn/media/catalog/product/cache/7/small_image/9df78eab33525d08d6e5fb8d27136e95/g/a/galaxy-z-fold2-5g-1.jpg,./img/Samsung_Galaxy_Z_Fold2_5G.png
Samsung Galaxy S20 Ultra,16.000.000,https://cdn.cellphones.com.vn/media/catalog/product/cache/7/small_image/9df78eab33525d08d6e5fb8d27136e95/6/3/637170935875912528_ss-s20-ultra-den-1.png,./img/Samsung_Galaxy_S20_Ultra.png
Samsung Galaxy A02s,3.350.000,https://cdn.cellphones.com.vn/media/catalog/product/cache/7/small_image/9df78eab33525d08d6e5fb8d27136e95/s/a/samsung-galaxy-a02s-1.jpg,./img/Samsung_Galaxy_A02s.png
Samsung Galaxy Z Fold2 5G (Phiên bản mùa hè),50.000.000,https://cdn.cellphones.com.vn/media/catalog/product/cache/7/small_image/9df78eab33525d08d6e5fb8d27136e95/g/a/galaxy-z-fold2-5g-1_3_3.jpg,./img/Samsung_Galaxy_Z_Fold2_5G_(Phiên_bản_mùa_hè).png
Samsung Galaxy Z Fold2 5G (Phiên bản mùa xuân),46.500.000,https://cdn.cellphones.com.vn/media/catalog/product/cache/7/small_image/9df78eab33525d08d6e5fb8d27136e95/g/a/galaxy-z-fold2-5g-1_3.jpg,./img/Samsung_Galaxy_Z_Fold2_5G_(Phiên_bản_mùa_xuân).png
Samsung Galaxy Note 10 Lite,10.500.000,https://cdn.cellphones.com.vn/media/catalog/product/cache/7/small_image/9df78eab33525d08d6e5fb8d27136e95/2/0/2026427-removebg-preview.png,./img/Samsung_Galaxy_Note_10_Lite.png
Samsung Galaxy A11,2.650.000,https://cdn.cellphones.com.vn/media/catalog/product/cache/7/small_image/9df78eab33525d08d6e5fb8d27136e95/3/_/3_48_28.jpg,./img/Samsung_Galaxy_A11.png
iPhone 11,14.700.000,https://cdn.cellphones.com.vn/media/catalog/product/cache/7/small_image/9df78eab33525d08d6e5fb8d27136e95/l/a/layer_20.jpg,./img/iPhone_11.png
iPhone 12 Pro Max,29.200.000,https://cdn.cellphones.com.vn/media/catalog/product/cache/7/small_image/9df78eab33525d08d6e5fb8d27136e95/i/p/iphone-12-pro-max_1__7_1.jpg,./img/iPhone_12_Pro_Max.png
iPhone 12,18.800.000,https://cdn.cellphones.com.vn/media/catalog/product/cache/7/small_image/9df78eab33525d08d6e5fb8d27136e95/i/p/iphone-12_2__3.jpg,./img/iPhone_12.png
iPhone 11 128GB,16.300.000,https://cdn.cellphones.com.vn/media/catalog/product/cache/7/small_image/9df78eab33525d08d6e5fb8d27136e95/l/a/layer_20_1.jpg,./img/iPhone_11_128GB.png
iPhone 12 Pro,26.700.000,https://cdn.cellphones.com.vn/media/catalog/product/cache/7/small_image/9df78eab33525d08d6e5fb8d27136e95/i/p/iphone-12-pro-max_3__9.jpg,./img/iPhone_12_Pro.png
iPhone XR 64GB,12.000.000,https://cdn.cellphones.com.vn/media/catalog/product/cache/7/small_image/9df78eab33525d08d6e5fb8d27136e95/a/p/apple-iphone-xr-64-gb-chinh-hang-vn_3_.jpg,./img/iPhone_XR_64GB.png
iPhone 12 128GB,20.700.000,https://cdn.cellphones.com.vn/media/catalog/product/cache/7/small_image/9df78eab33525d08d6e5fb8d27136e95/i/p/iphone-12_7__6_3.jpg,./img/iPhone_12_128GB.png
iPhone 12 mini,15.600.000,https://cdn.cellphones.com.vn/media/catalog/product/cache/7/small_image/9df78eab33525d08d6e5fb8d27136e95/i/p/iphone-12_7__6_1.jpg,./img/iPhone_12_mini.png
iPhone 12 Pro Max 256GB,32.000.000,https://cdn.cellphones.com.vn/media/catalog/product/cache/7/small_image/9df78eab33525d08d6e5fb8d27136e95/i/p/iphone-12-pro-max_3__5.jpg,./img/iPhone_12_Pro_Max_256GB.png
iPhone XR 128GB,13.200.000,https://cdn.cellphones.com.vn/media/catalog/product/cache/7/small_image/9df78eab33525d08d6e5fb8d27136e95/a/p/apple-iphone-xr-64-gb-chinh-hang-vn_1__1.jpg,./img/iPhone_XR_128GB.png
Xiaomi Redmi Note 10 Pro 8GB,6.850.000,https://cdn.cellphones.com.vn/media/catalog/product/cache/7/small_image/220x175/9df78eab33525d08d6e5fb8d27136e95/x/i/xiaomi-redmi-note-10-pro_2_.png,./img/Xiaomi_Redmi_Note_10_Pro_8GB.png
Xiaomi Redmi Note 10 5G,4.900.000,https://cdn.cellphones.com.vn/media/catalog/product/cache/7/small_image/220x175/9df78eab33525d08d6e5fb8d27136e95/r/e/redmi-note-10-5g.jpg,./img/Xiaomi_Redmi_Note_10_5G.png
Xiaomi Redmi Note 10 Pro 6GB,6.450.000,https://cdn.cellphones.com.vn/media/catalog/product/cache/7/small_image/220x175/9df78eab33525d08d6e5fb8d27136e95/x/i/xiaomi-redmi-note-10-pro_2__2.png,./img/Xiaomi_Redmi_Note_10_Pro_6GB.png
Xiaomi Redmi Note 10S,5.750.000,https://cdn.cellphones.com.vn/media/catalog/product/cache/7/small_image/220x175/9df78eab33525d08d6e5fb8d27136e95/x/i/xiaomi-redmi-note-10s-xanh-1.jpg,./img/Xiaomi_Redmi_Note_10S.png
Xiaomi Mi 11 Lite 5G,8.490.000,https://cdn.cellphones.com.vn/media/catalog/product/cache/7/small_image/9df78eab33525d08d6e5fb8d27136e95/x/i/xiaomi-mi-11-lite-5g-2_10.png,./img/Xiaomi_Mi_11_Lite_5G.png
Xiaomi Redmi Note 10,5.000.000,https://cdn.cellphones.com.vn/media/catalog/product/cache/7/small_image/9df78eab33525d08d6e5fb8d27136e95/x/i/xiaomi-redmi-note-10_1.jpg,./img/Xiaomi_Redmi_Note_10.png
Xiaomi Redmi Note 10 4GB,4.250.000,https://cdn.cellphones.com.vn/media/catalog/product/cache/7/small_image/9df78eab33525d08d6e5fb8d27136e95/x/i/xiaomi-redmi-note-10_1_2.jpg,./img/Xiaomi_Redmi_Note_10_4GB.png
Xiaomi Redmi 9T 6GB 128GB,3.750.000,https://cdn.cellphones.com.vn/media/catalog/product/cache/7/small_image/9df78eab33525d08d6e5fb8d27136e95/x/i/xiaomi-redmi-9t_1_.jpg,./img/Xiaomi_Redmi_9T_6GB_128GB.png
Xiaomi Mi 11 5G,15.200.000,https://cdn.cellphones.com.vn/media/catalog/product/cache/7/small_image/9df78eab33525d08d6e5fb8d27136e95/x/i/xiaomi-mi-11-xanhduong-600x600-600x600.jpg,./img/Xiaomi_Mi_11_5G.png
Xiaomi Redmi 9T 4GB 64GB,3.150.000,https://cdn.cellphones.com.vn/media/catalog/product/cache/7/small_image/9df78eab33525d08d6e5fb8d27136e95/x/i/xiaomi-redmi-9t_1__2.jpg,./img/Xiaomi_Redmi_9T_4GB_64GB.png
Xiaomi Redmi 9A,1.900.000,https://cdn.cellphones.com.vn/media/catalog/product/cache/7/small_image/9df78eab33525d08d6e5fb8d27136e95/r/e/redmi_9a_0005_background.jpg,./img/Xiaomi_Redmi_9A.png
Xiaomi POCO X3 NFC 128GB,5.700.000,https://cdn.cellphones.com.vn/media/catalog/product/cache/7/small_image/9df78eab33525d08d6e5fb8d27136e95/x/i/xiaomi-poco-x3_2_.jpg,./img/Xiaomi_POCO_X3_NFC_128GB.png
Xiaomi Mi 10T Pro 5G,11.200.000,https://cdn.cellphones.com.vn/media/catalog/product/cache/7/small_image/9df78eab33525d08d6e5fb8d27136e95/x/i/xiaomi-mi-10t-pro_2_.jpg,./img/Xiaomi_Mi_10T_Pro_5G.png
Xiaomi Mi 10T Pro 5G 8GB 128GB,10.200.000,https://cdn.cellphones.com.vn/media/catalog/product/cache/7/small_image/9df78eab33525d08d6e5fb8d27136e95/x/i/xiaomi-mi-10t-pro_2__3.jpg,./img/Xiaomi_Mi_10T_Pro_5G_8GB_128GB.png
Xiaomi Redmi 9C 3GB - 64GB,2.450.000,https://cdn.cellphones.com.vn/media/catalog/product/cache/7/small_image/9df78eab33525d08d6e5fb8d27136e95/r/e/redmi-9c_3__1_2.jpg,./img/Xiaomi_Redmi_9C_3GB_-_64GB.png
Xiaomi Redmi Note 10 Pro ( Phiên bản Mi Fan Festival),6.850.000,https://cdn.cellphones.com.vn/media/catalog/product/cache/7/small_image/9df78eab33525d08d6e5fb8d27136e95/x/i/xiaomi-redmi-note-10-pro-mi-fan-festival.jpg,./img/Xiaomi_Redmi_Note_10_Pro_(_Phiên_bản_Mi_Fan_Festival).png
Xiaomi Mi 11 5G 128GB,14.200.000,https://cdn.cellphones.com.vn/media/catalog/product/cache/7/small_image/9df78eab33525d08d6e5fb8d27136e95/x/i/xiaomi-mi-11-128gb-1.jpg,./img/Xiaomi_Mi_11_5G_128GB.png
Xiaomi Redmi Note 9s 4G 64GB,4.450.000,https://cdn.cellphones.com.vn/media/catalog/product/cache/7/small_image/9df78eab33525d08d6e5fb8d27136e95/r/e/redmi_note_9s_0002_layer_1.jpg,./img/Xiaomi_Redmi_Note_9s_4G_64GB.png
